timestamp,connections,response_ms,db_size_mb,memory_used_pct
2025-10-30_00:00:01,5,21,515,24
2025-10-30_01:00:01,0,23,515,24
2025-10-30_02:00:01,0,23,515,24
2025-10-30_03:00:01,0,18,515,24
2025-10-30_04:00:01,0,23,515,25
2025-10-30_00:03:53,0,389,0,26
2025-10-30_00:09:00,1,66,0,27
2025-10-30_00:15:41,1,98,0,32
2025-10-30_06:00:01,0,42,0,32
2025-10-30_07:00:01,1,25,0,30
2025-10-30_08:00:01,0,28,0,30
2025-10-30_09:00:01,0,27,0,30
2025-10-30_10:00:01,0,26,0,30
2025-10-30_11:00:01,0,27,0,30
2025-10-30_12:00:01,0,26,0,30
2025-10-30_13:00:01,0,27,0,31
2025-10-30_14:00:02,0,35,0,30
2025-10-30_15:00:01,0,27,0,30
2025-10-30_16:00:01,0,27,0,30
2025-10-30_17:00:01,0,29,0,30
2025-10-30_18:00:01,0,35,0,30
2025-10-30_19:00:01,0,28,0,30
2025-10-30_20:00:01,0,25,0,30
2025-10-30_21:00:01,0,27,0,30
2025-10-30_22:00:01,0,39,0,30
2025-10-30_23:00:01,0,28,0,30
